<?xml version="1.0" encoding="UTF-8"?>
<!DOCTYPE mapper PUBLIC "-//mybatis.org//DTD Mapper 3.0//EN"
"http://mybatis.org/dtd/mybatis-3-mapper.dtd">
<mapper namespace="kitri.boxweekly">
	<insert id="Add_BoxWeekly" parameterType="box">
		insert into prf_boxweek values(#{area},#{prfcount},#{nmrs},#{prfperiod},#{genre},#{prfplcnm},#{prfnm},#{rank},#{seatcnt},#{poster},#{prfid})
	</insert>
	<select id="Total_BoxWeekly" parameterType="box" resultType="box">
		<if test="genre==null">
			<![CDATA[
				select * from (select * from prf_boxweek order by nmrs desc)mytb where rownum<=10
			]]>
		</if>
		<if test="genre!=null">
			<![CDATA[
				select * from (select * from prf_boxweek order by rank asc)mytb where genre=#{genre} and rownum<=10
			]]>
		</if>
	</select>
</mapper>